-- MySQL Administrator dump 1.4
--
-- ------------------------------------------------------
-- Server version	5.7.18-log


/*!40101 SET @OLD_CHARACTER_SET_CLIENT=@@CHARACTER_SET_CLIENT */;
/*!40101 SET @OLD_CHARACTER_SET_RESULTS=@@CHARACTER_SET_RESULTS */;
/*!40101 SET @OLD_COLLATION_CONNECTION=@@COLLATION_CONNECTION */;
/*!40101 SET NAMES utf8 */;

/*!40014 SET @OLD_UNIQUE_CHECKS=@@UNIQUE_CHECKS, UNIQUE_CHECKS=0 */;
/*!40014 SET @OLD_FOREIGN_KEY_CHECKS=@@FOREIGN_KEY_CHECKS, FOREIGN_KEY_CHECKS=0 */;
/*!40101 SET @OLD_SQL_MODE=@@SQL_MODE, SQL_MODE='NO_AUTO_VALUE_ON_ZERO' */;


--
-- Create schema parserdb
--

CREATE DATABASE IF NOT EXISTS parserdb;
USE parserdb;

--
-- Definition of table `hibernate_sequence`
--

DROP TABLE IF EXISTS `hibernate_sequence`;
CREATE TABLE `hibernate_sequence` (
  `next_val` bigint(20) DEFAULT NULL
) ENGINE=MyISAM DEFAULT CHARSET=utf8;

--
-- Dumping data for table `hibernate_sequence`
--

/*!40000 ALTER TABLE `hibernate_sequence` DISABLE KEYS */;
INSERT INTO `hibernate_sequence` (`next_val`) VALUES 
 (1393),
 (1393),
 (1393);
/*!40000 ALTER TABLE `hibernate_sequence` ENABLE KEYS */;


--
-- Definition of table `ipaddress`
--

DROP TABLE IF EXISTS `ipaddress`;
CREATE TABLE `ipaddress` (
  `id` int(11) NOT NULL,
  `accessTime` datetime DEFAULT NULL,
  `address` varchar(255) DEFAULT NULL,
  PRIMARY KEY (`id`)
) ENGINE=MyISAM DEFAULT CHARSET=utf8;

--
-- Dumping data for table `ipaddress`
--

/*!40000 ALTER TABLE `ipaddress` DISABLE KEYS */;
INSERT INTO `ipaddress` (`id`,`accessTime`,`address`) VALUES 
 (2,'2017-01-01 19:00:11','192.168.5.107'),
 (5,'2017-01-01 19:00:15','192.168.5.107'),
 (8,'2017-01-01 19:00:25','192.168.5.107'),
 (11,'2017-01-01 19:00:39','192.168.5.107'),
 (14,'2017-01-01 19:01:00','192.168.5.107'),
 (17,'2017-01-01 19:01:14','192.168.5.107'),
 (20,'2017-01-01 19:01:31','192.168.5.107'),
 (23,'2017-01-01 19:01:43','192.168.5.107'),
 (26,'2017-01-01 19:02:30','192.168.5.107'),
 (29,'2017-01-01 19:03:03','192.168.5.107'),
 (32,'2017-01-01 19:03:12','192.168.5.107'),
 (35,'2017-01-01 19:03:26','192.168.5.107'),
 (38,'2017-01-01 19:03:27','192.168.5.107'),
 (41,'2017-01-01 19:03:38','192.168.5.107'),
 (44,'2017-01-01 19:04:23','192.168.5.107'),
 (47,'2017-01-01 19:04:24','192.168.5.107'),
 (50,'2017-01-01 19:04:27','192.168.5.107'),
 (53,'2017-01-01 19:04:41','192.168.5.107'),
 (56,'2017-01-01 19:04:49','192.168.5.107'),
 (59,'2017-01-01 19:04:55','192.168.5.107'),
 (62,'2017-01-01 19:05:23','192.168.5.107'),
 (65,'2017-01-01 19:05:25','192.168.5.107'),
 (68,'2017-01-01 19:05:35','192.168.5.107'),
 (71,'2017-01-01 19:05:41','192.168.5.107'),
 (74,'2017-01-01 19:06:07','192.168.5.107'),
 (77,'2017-01-01 19:06:16','192.168.5.107'),
 (80,'2017-01-01 19:06:34','192.168.5.107'),
 (83,'2017-01-01 19:06:35','192.168.5.107'),
 (86,'2017-01-01 19:07:10','192.168.5.107'),
 (89,'2017-01-01 19:07:15','192.168.5.107'),
 (92,'2017-01-01 19:07:15','192.168.5.107'),
 (95,'2017-01-01 19:07:29','192.168.5.107'),
 (98,'2017-01-01 19:07:57','192.168.5.107'),
 (101,'2017-01-01 19:08:05','192.168.5.107'),
 (104,'2017-01-01 19:08:20','192.168.5.107'),
 (107,'2017-01-01 19:08:43','192.168.5.107'),
 (110,'2017-01-01 19:09:11','192.168.5.107'),
 (113,'2017-01-01 19:09:22','192.168.5.107'),
 (116,'2017-01-01 19:09:27','192.168.5.107'),
 (119,'2017-01-01 19:09:31','192.168.5.107'),
 (122,'2017-01-01 19:09:50','192.168.5.107'),
 (125,'2017-01-01 19:10:04','192.168.5.107'),
 (128,'2017-01-01 19:10:05','192.168.5.107'),
 (131,'2017-01-01 19:10:30','192.168.5.107'),
 (134,'2017-01-01 19:10:34','192.168.5.107'),
 (137,'2017-01-01 19:10:49','192.168.5.107'),
 (140,'2017-01-01 19:10:53','192.168.5.107'),
 (143,'2017-01-01 19:10:58','192.168.5.107'),
 (146,'2017-01-01 19:11:04','192.168.5.107'),
 (149,'2017-01-01 19:11:14','192.168.5.107'),
 (152,'2017-01-01 19:11:21','192.168.5.107'),
 (155,'2017-01-01 19:11:22','192.168.5.107'),
 (158,'2017-01-01 19:11:51','192.168.5.107'),
 (161,'2017-01-01 19:12:11','192.168.5.107'),
 (164,'2017-01-01 19:12:19','192.168.5.107'),
 (167,'2017-01-01 19:12:45','192.168.5.107'),
 (170,'2017-01-01 19:12:45','192.168.5.107'),
 (173,'2017-01-01 19:13:17','192.168.5.107'),
 (176,'2017-01-01 19:13:20','192.168.5.107'),
 (179,'2017-01-01 19:13:47','192.168.5.107'),
 (182,'2017-01-01 19:13:53','192.168.5.107'),
 (185,'2017-01-01 19:13:53','192.168.5.107'),
 (188,'2017-01-01 19:14:04','192.168.5.107'),
 (191,'2017-01-01 19:14:07','192.168.5.107'),
 (194,'2017-01-01 19:14:16','192.168.5.107'),
 (197,'2017-01-01 19:14:30','192.168.5.107'),
 (200,'2017-01-01 19:14:51','192.168.5.107'),
 (203,'2017-01-01 19:15:14','192.168.5.107'),
 (206,'2017-01-01 19:15:21','192.168.5.107'),
 (209,'2017-01-01 19:15:25','192.168.5.107'),
 (212,'2017-01-01 19:15:27','192.168.5.107'),
 (215,'2017-01-01 19:15:39','192.168.5.107'),
 (218,'2017-01-01 19:15:44','192.168.5.107'),
 (221,'2017-01-01 19:16:48','192.168.5.107'),
 (224,'2017-01-01 19:16:48','192.168.5.107'),
 (227,'2017-01-01 19:16:58','192.168.5.107'),
 (230,'2017-01-01 19:19:11','192.168.5.107'),
 (233,'2017-01-01 19:19:56','192.168.5.107'),
 (236,'2017-01-01 19:20:19','192.168.5.107'),
 (239,'2017-01-01 19:20:53','192.168.5.107'),
 (242,'2017-01-01 19:20:54','192.168.5.107'),
 (245,'2017-01-01 19:21:11','192.168.5.107'),
 (248,'2017-01-01 19:21:44','192.168.5.107'),
 (251,'2017-01-01 19:22:00','192.168.5.107'),
 (254,'2017-01-01 19:22:09','192.168.5.107'),
 (257,'2017-01-01 19:22:16','192.168.5.107'),
 (260,'2017-01-01 19:22:48','192.168.5.107'),
 (263,'2017-01-01 19:22:52','192.168.5.107'),
 (266,'2017-01-01 19:22:53','192.168.5.107'),
 (269,'2017-01-01 19:23:08','192.168.5.107'),
 (272,'2017-01-01 19:23:12','192.168.5.107'),
 (275,'2017-01-01 19:23:12','192.168.5.107'),
 (278,'2017-01-01 19:23:36','192.168.5.107'),
 (281,'2017-01-01 19:23:46','192.168.5.107'),
 (284,'2017-01-01 19:23:48','192.168.5.107'),
 (287,'2017-01-01 19:24:17','192.168.5.107'),
 (290,'2017-01-01 19:24:20','192.168.5.107'),
 (293,'2017-01-01 19:24:21','192.168.5.107'),
 (296,'2017-01-01 19:24:30','192.168.5.107'),
 (299,'2017-01-01 19:24:42','192.168.5.107'),
 (302,'2017-01-01 19:25:06','192.168.5.107'),
 (305,'2017-01-01 19:25:08','192.168.5.107'),
 (308,'2017-01-01 19:25:32','192.168.5.107'),
 (311,'2017-01-01 19:26:09','192.168.5.107'),
 (314,'2017-01-01 19:26:22','192.168.5.107'),
 (317,'2017-01-01 19:26:24','192.168.5.107'),
 (320,'2017-01-01 19:27:21','192.168.5.107'),
 (323,'2017-01-01 19:27:22','192.168.5.107'),
 (326,'2017-01-01 19:27:29','192.168.5.107'),
 (329,'2017-01-01 19:28:04','192.168.5.107'),
 (332,'2017-01-01 19:28:57','192.168.5.107'),
 (335,'2017-01-01 19:29:07','192.168.5.107'),
 (338,'2017-01-01 19:29:26','192.168.5.107'),
 (341,'2017-01-01 19:29:50','192.168.5.107'),
 (344,'2017-01-01 19:29:55','192.168.5.107'),
 (347,'2017-01-01 19:29:58','192.168.5.107'),
 (350,'2017-01-01 19:30:09','192.168.5.107'),
 (353,'2017-01-01 19:30:22','192.168.5.107'),
 (356,'2017-01-01 19:30:23','192.168.5.107'),
 (359,'2017-01-01 19:30:26','192.168.5.107'),
 (362,'2017-01-01 19:30:26','192.168.5.107'),
 (365,'2017-01-01 19:30:31','192.168.5.107'),
 (368,'2017-01-01 19:30:31','192.168.5.107'),
 (371,'2017-01-01 19:30:35','192.168.5.107'),
 (374,'2017-01-01 19:30:37','192.168.5.107'),
 (377,'2017-01-01 19:31:13','192.168.5.107'),
 (380,'2017-01-01 19:31:34','192.168.5.107'),
 (383,'2017-01-01 19:32:03','192.168.5.107'),
 (386,'2017-01-01 19:32:12','192.168.5.107'),
 (389,'2017-01-01 19:32:22','192.168.5.107'),
 (392,'2017-01-01 19:32:54','192.168.5.107'),
 (395,'2017-01-01 19:32:58','192.168.5.107'),
 (398,'2017-01-01 19:33:20','192.168.5.107'),
 (401,'2017-01-01 19:33:35','192.168.5.107'),
 (404,'2017-01-01 19:33:36','192.168.5.107'),
 (407,'2017-01-01 19:33:36','192.168.5.107'),
 (410,'2017-01-01 19:33:50','192.168.5.107'),
 (413,'2017-01-01 19:34:09','192.168.5.107'),
 (416,'2017-01-01 19:34:22','192.168.5.107'),
 (419,'2017-01-01 19:34:32','192.168.5.107'),
 (422,'2017-01-01 19:34:34','192.168.5.107'),
 (425,'2017-01-01 19:35:13','192.168.5.107'),
 (428,'2017-01-01 19:35:14','192.168.5.107'),
 (431,'2017-01-01 19:35:23','192.168.5.107'),
 (434,'2017-01-01 19:35:32','192.168.5.107'),
 (437,'2017-01-01 19:35:41','192.168.5.107'),
 (440,'2017-01-01 19:35:51','192.168.5.107'),
 (443,'2017-01-01 19:36:24','192.168.5.107'),
 (446,'2017-01-01 19:36:57','192.168.5.107'),
 (449,'2017-01-01 19:37:11','192.168.5.107'),
 (452,'2017-01-01 19:38:21','192.168.5.107'),
 (455,'2017-01-01 19:39:52','192.168.5.107'),
 (458,'2017-01-01 19:39:52','192.168.5.107'),
 (461,'2017-01-01 19:40:21','192.168.5.107'),
 (464,'2017-01-01 19:40:28','192.168.5.107'),
 (467,'2017-01-01 19:40:43','192.168.5.107'),
 (470,'2017-01-01 19:40:47','192.168.5.107'),
 (473,'2017-01-01 19:41:17','192.168.5.107'),
 (476,'2017-01-01 19:42:31','192.168.5.107'),
 (479,'2017-01-01 19:42:46','192.168.5.107'),
 (482,'2017-01-01 19:42:47','192.168.5.107'),
 (485,'2017-01-01 19:43:00','192.168.5.107'),
 (488,'2017-01-01 19:00:06','192.168.246.75'),
 (491,'2017-01-01 19:00:12','192.168.246.75'),
 (494,'2017-01-01 19:00:14','192.168.246.75'),
 (497,'2017-01-01 19:00:18','192.168.246.75'),
 (500,'2017-01-01 19:00:35','192.168.246.75'),
 (503,'2017-01-01 19:00:58','192.168.246.75'),
 (506,'2017-01-01 19:01:42','192.168.246.75'),
 (509,'2017-01-01 19:01:48','192.168.246.75'),
 (512,'2017-01-01 19:01:54','192.168.246.75'),
 (515,'2017-01-01 19:02:10','192.168.246.75'),
 (518,'2017-01-01 19:02:44','192.168.246.75'),
 (521,'2017-01-01 19:03:05','192.168.246.75'),
 (524,'2017-01-01 19:03:05','192.168.246.75'),
 (527,'2017-01-01 19:03:25','192.168.246.75'),
 (530,'2017-01-01 19:03:37','192.168.246.75'),
 (533,'2017-01-01 19:04:03','192.168.246.75'),
 (536,'2017-01-01 19:04:23','192.168.246.75'),
 (539,'2017-01-01 19:04:33','192.168.246.75'),
 (542,'2017-01-01 19:05:12','192.168.246.75'),
 (545,'2017-01-01 19:05:14','192.168.246.75'),
 (548,'2017-01-01 19:05:41','192.168.246.75'),
 (551,'2017-01-01 19:05:57','192.168.246.75'),
 (554,'2017-01-01 19:06:07','192.168.246.75'),
 (557,'2017-01-01 19:06:07','192.168.246.75'),
 (560,'2017-01-01 19:06:44','192.168.246.75'),
 (563,'2017-01-01 19:06:50','192.168.246.75'),
 (566,'2017-01-01 19:06:54','192.168.246.75'),
 (569,'2017-01-01 19:06:59','192.168.246.75'),
 (572,'2017-01-01 19:07:25','192.168.246.75'),
 (575,'2017-01-01 19:07:40','192.168.246.75'),
 (578,'2017-01-01 19:07:46','192.168.246.75'),
 (581,'2017-01-01 19:08:05','192.168.246.75'),
 (584,'2017-01-01 19:08:27','192.168.246.75'),
 (587,'2017-01-01 19:08:36','192.168.246.75'),
 (590,'2017-01-01 19:09:32','192.168.246.75'),
 (593,'2017-01-01 19:09:40','192.168.246.75'),
 (596,'2017-01-01 19:10:32','192.168.246.75'),
 (599,'2017-01-01 19:10:44','192.168.246.75'),
 (602,'2017-01-01 19:11:05','192.168.246.75'),
 (605,'2017-01-01 19:11:11','192.168.246.75'),
 (608,'2017-01-01 19:11:20','192.168.246.75'),
 (611,'2017-01-01 19:11:42','192.168.246.75'),
 (614,'2017-01-01 19:12:02','192.168.246.75'),
 (617,'2017-01-01 19:12:22','192.168.246.75'),
 (620,'2017-01-01 19:12:23','192.168.246.75'),
 (623,'2017-01-01 19:12:29','192.168.246.75'),
 (626,'2017-01-01 19:12:50','192.168.246.75'),
 (629,'2017-01-01 19:13:05','192.168.246.75'),
 (632,'2017-01-01 19:13:23','192.168.246.75'),
 (635,'2017-01-01 19:13:35','192.168.246.75'),
 (638,'2017-01-01 19:13:55','192.168.246.75'),
 (641,'2017-01-01 19:13:59','192.168.246.75'),
 (644,'2017-01-01 19:14:04','192.168.246.75'),
 (647,'2017-01-01 19:14:19','192.168.246.75'),
 (650,'2017-01-01 19:14:45','192.168.246.75'),
 (653,'2017-01-01 19:14:53','192.168.246.75'),
 (656,'2017-01-01 19:14:55','192.168.246.75'),
 (659,'2017-01-01 19:15:13','192.168.246.75'),
 (662,'2017-01-01 19:16:09','192.168.246.75'),
 (665,'2017-01-01 19:16:31','192.168.246.75'),
 (668,'2017-01-01 19:16:44','192.168.246.75'),
 (671,'2017-01-01 19:17:17','192.168.246.75'),
 (674,'2017-01-01 19:17:48','192.168.246.75'),
 (677,'2017-01-01 19:18:26','192.168.246.75'),
 (680,'2017-01-01 19:18:41','192.168.246.75'),
 (683,'2017-01-01 19:19:08','192.168.246.75'),
 (686,'2017-01-01 19:19:16','192.168.246.75'),
 (689,'2017-01-01 19:19:16','192.168.246.75'),
 (692,'2017-01-01 19:19:31','192.168.246.75'),
 (695,'2017-01-01 19:19:31','192.168.246.75'),
 (698,'2017-01-01 19:19:51','192.168.246.75'),
 (701,'2017-01-01 19:19:55','192.168.246.75'),
 (704,'2017-01-01 19:20:13','192.168.246.75'),
 (707,'2017-01-01 19:20:20','192.168.246.75'),
 (710,'2017-01-01 19:20:30','192.168.246.75'),
 (713,'2017-01-01 19:20:38','192.168.246.75'),
 (716,'2017-01-01 19:20:50','192.168.246.75'),
 (719,'2017-01-01 19:20:51','192.168.246.75'),
 (722,'2017-01-01 19:21:34','192.168.246.75'),
 (725,'2017-01-01 19:21:51','192.168.246.75'),
 (728,'2017-01-01 19:21:52','192.168.246.75'),
 (731,'2017-01-01 19:22:18','192.168.246.75'),
 (734,'2017-01-01 19:22:23','192.168.246.75'),
 (737,'2017-01-01 19:22:53','192.168.246.75'),
 (740,'2017-01-01 19:23:31','192.168.246.75'),
 (743,'2017-01-01 19:24:42','192.168.246.75'),
 (746,'2017-01-01 19:25:12','192.168.246.75'),
 (749,'2017-01-01 19:25:31','192.168.246.75'),
 (752,'2017-01-01 19:25:37','192.168.246.75'),
 (755,'2017-01-01 19:25:37','192.168.246.75'),
 (758,'2017-01-01 19:25:43','192.168.246.75'),
 (761,'2017-01-01 19:26:05','192.168.246.75'),
 (764,'2017-01-01 19:26:06','192.168.246.75'),
 (767,'2017-01-01 19:26:06','192.168.246.75'),
 (770,'2017-01-01 19:26:10','192.168.246.75'),
 (773,'2017-01-01 19:26:27','192.168.246.75'),
 (776,'2017-01-01 19:26:31','192.168.246.75'),
 (779,'2017-01-01 19:26:35','192.168.246.75'),
 (782,'2017-01-01 19:26:51','192.168.246.75'),
 (785,'2017-01-01 19:26:52','192.168.246.75'),
 (788,'2017-01-01 19:27:07','192.168.246.75'),
 (791,'2017-01-01 19:27:15','192.168.246.75'),
 (794,'2017-01-01 19:27:20','192.168.246.75'),
 (797,'2017-01-01 19:27:24','192.168.246.75'),
 (800,'2017-01-01 19:27:46','192.168.246.75'),
 (803,'2017-01-01 19:27:56','192.168.246.75'),
 (806,'2017-01-01 19:28:23','192.168.246.75'),
 (809,'2017-01-01 19:28:29','192.168.246.75'),
 (812,'2017-01-01 19:28:33','192.168.246.75'),
 (815,'2017-01-01 19:28:34','192.168.246.75'),
 (818,'2017-01-01 19:28:38','192.168.246.75'),
 (821,'2017-01-01 19:29:05','192.168.246.75'),
 (824,'2017-01-01 19:29:10','192.168.246.75'),
 (827,'2017-01-01 19:29:12','192.168.246.75'),
 (830,'2017-01-01 19:29:13','192.168.246.75'),
 (833,'2017-01-01 19:29:25','192.168.246.75'),
 (836,'2017-01-01 19:29:26','192.168.246.75'),
 (839,'2017-01-01 19:29:34','192.168.246.75'),
 (842,'2017-01-01 19:29:50','192.168.246.75'),
 (845,'2017-01-01 19:30:03','192.168.246.75'),
 (848,'2017-01-01 19:30:04','192.168.246.75'),
 (851,'2017-01-01 19:30:07','192.168.246.75'),
 (854,'2017-01-01 19:30:12','192.168.246.75'),
 (857,'2017-01-01 19:30:16','192.168.246.75'),
 (860,'2017-01-01 19:31:25','192.168.246.75'),
 (863,'2017-01-01 19:32:19','192.168.246.75'),
 (866,'2017-01-01 19:32:21','192.168.246.75'),
 (869,'2017-01-01 19:32:31','192.168.246.75'),
 (872,'2017-01-01 19:32:51','192.168.246.75'),
 (875,'2017-01-01 19:33:07','192.168.246.75'),
 (878,'2017-01-01 19:33:11','192.168.246.75'),
 (881,'2017-01-01 19:34:07','192.168.246.75'),
 (884,'2017-01-01 19:34:13','192.168.246.75'),
 (887,'2017-01-01 19:34:17','192.168.246.75'),
 (890,'2017-01-01 19:34:41','192.168.246.75'),
 (893,'2017-01-01 19:34:53','192.168.246.75'),
 (896,'2017-01-01 19:35:54','192.168.246.75'),
 (899,'2017-01-01 19:36:10','192.168.246.75'),
 (902,'2017-01-01 19:36:13','192.168.246.75'),
 (905,'2017-01-01 19:36:16','192.168.246.75'),
 (908,'2017-01-01 19:36:26','192.168.246.75'),
 (911,'2017-01-01 19:36:33','192.168.246.75'),
 (914,'2017-01-01 19:36:42','192.168.246.75'),
 (917,'2017-01-01 19:36:54','192.168.246.75'),
 (920,'2017-01-01 19:37:29','192.168.246.75'),
 (923,'2017-01-01 19:37:39','192.168.246.75'),
 (926,'2017-01-01 19:38:46','192.168.246.75'),
 (929,'2017-01-01 19:40:01','192.168.246.75'),
 (932,'2017-01-01 19:40:07','192.168.246.75'),
 (935,'2017-01-01 19:40:17','192.168.246.75'),
 (938,'2017-01-01 19:40:21','192.168.246.75'),
 (941,'2017-01-01 19:40:35','192.168.246.75'),
 (944,'2017-01-01 19:40:41','192.168.246.75'),
 (947,'2017-01-01 19:40:42','192.168.246.75'),
 (950,'2017-01-01 19:41:16','192.168.246.75'),
 (953,'2017-01-01 19:41:34','192.168.246.75'),
 (956,'2017-01-01 19:41:53','192.168.246.75'),
 (959,'2017-01-01 19:41:56','192.168.246.75'),
 (962,'2017-01-01 19:42:04','192.168.246.75'),
 (965,'2017-01-01 19:42:10','192.168.246.75'),
 (968,'2017-01-01 19:42:22','192.168.246.75'),
 (971,'2017-01-01 19:42:26','192.168.246.75'),
 (974,'2017-01-01 19:42:50','192.168.246.75'),
 (977,'2017-01-01 19:00:05','192.168.114.17'),
 (980,'2017-01-01 19:00:15','192.168.114.17'),
 (983,'2017-01-01 19:01:20','192.168.114.17'),
 (986,'2017-01-01 19:01:44','192.168.114.17'),
 (989,'2017-01-01 19:02:15','192.168.114.17'),
 (992,'2017-01-01 19:02:42','192.168.114.17'),
 (995,'2017-01-01 19:03:23','192.168.114.17'),
 (998,'2017-01-01 19:03:36','192.168.114.17'),
 (1001,'2017-01-01 19:03:42','192.168.114.17'),
 (1004,'2017-01-01 19:03:49','192.168.114.17'),
 (1007,'2017-01-01 19:04:10','192.168.114.17'),
 (1010,'2017-01-01 19:04:38','192.168.114.17'),
 (1013,'2017-01-01 19:04:42','192.168.114.17'),
 (1016,'2017-01-01 19:05:00','192.168.114.17'),
 (1019,'2017-01-01 19:05:13','192.168.114.17'),
 (1022,'2017-01-01 19:05:14','192.168.114.17'),
 (1025,'2017-01-01 19:05:37','192.168.114.17'),
 (1028,'2017-01-01 19:06:01','192.168.114.17'),
 (1031,'2017-01-01 19:06:37','192.168.114.17'),
 (1034,'2017-01-01 19:06:41','192.168.114.17'),
 (1037,'2017-01-01 19:07:00','192.168.114.17'),
 (1040,'2017-01-01 19:07:02','192.168.114.17'),
 (1043,'2017-01-01 19:07:17','192.168.114.17'),
 (1046,'2017-01-01 19:07:28','192.168.114.17'),
 (1049,'2017-01-01 19:07:45','192.168.114.17'),
 (1052,'2017-01-01 19:07:48','192.168.114.17'),
 (1055,'2017-01-01 19:08:00','192.168.114.17'),
 (1058,'2017-01-01 19:08:05','192.168.114.17'),
 (1061,'2017-01-01 19:09:24','192.168.114.17'),
 (1064,'2017-01-01 19:10:12','192.168.114.17'),
 (1067,'2017-01-01 19:10:30','192.168.114.17'),
 (1070,'2017-01-01 19:10:36','192.168.114.17'),
 (1073,'2017-01-01 19:11:06','192.168.114.17'),
 (1076,'2017-01-01 19:11:28','192.168.114.17'),
 (1079,'2017-01-01 19:12:04','192.168.114.17'),
 (1082,'2017-01-01 19:12:09','192.168.114.17'),
 (1085,'2017-01-01 19:12:49','192.168.114.17'),
 (1088,'2017-01-01 19:12:57','192.168.114.17'),
 (1091,'2017-01-01 19:13:19','192.168.114.17'),
 (1094,'2017-01-01 19:13:52','192.168.114.17'),
 (1097,'2017-01-01 19:14:11','192.168.114.17'),
 (1100,'2017-01-01 19:14:12','192.168.114.17'),
 (1103,'2017-01-01 19:14:25','192.168.114.17'),
 (1106,'2017-01-01 19:14:29','192.168.114.17'),
 (1109,'2017-01-01 19:14:32','192.168.114.17'),
 (1112,'2017-01-01 19:14:34','192.168.114.17'),
 (1115,'2017-01-01 19:15:37','192.168.114.17'),
 (1118,'2017-01-01 19:15:41','192.168.114.17'),
 (1121,'2017-01-01 19:16:15','192.168.114.17'),
 (1124,'2017-01-01 19:17:11','192.168.114.17'),
 (1127,'2017-01-01 19:17:13','192.168.114.17'),
 (1130,'2017-01-01 19:17:47','192.168.114.17'),
 (1133,'2017-01-01 19:18:15','192.168.114.17'),
 (1136,'2017-01-01 19:18:20','192.168.114.17'),
 (1139,'2017-01-01 19:18:52','192.168.114.17'),
 (1142,'2017-01-01 19:19:06','192.168.114.17'),
 (1145,'2017-01-01 19:19:13','192.168.114.17'),
 (1148,'2017-01-01 19:19:14','192.168.114.17'),
 (1151,'2017-01-01 19:19:27','192.168.114.17'),
 (1154,'2017-01-01 19:19:48','192.168.114.17'),
 (1157,'2017-01-01 19:19:49','192.168.114.17'),
 (1160,'2017-01-01 19:20:01','192.168.114.17'),
 (1163,'2017-01-01 19:20:15','192.168.114.17'),
 (1166,'2017-01-01 19:20:35','192.168.114.17'),
 (1169,'2017-01-01 19:20:56','192.168.114.17'),
 (1172,'2017-01-01 19:21:14','192.168.114.17'),
 (1175,'2017-01-01 19:21:30','192.168.114.17'),
 (1178,'2017-01-01 19:21:52','192.168.114.17'),
 (1181,'2017-01-01 19:22:07','192.168.114.17'),
 (1184,'2017-01-01 19:23:02','192.168.114.17'),
 (1187,'2017-01-01 19:23:08','192.168.114.17'),
 (1190,'2017-01-01 19:24:18','192.168.114.17'),
 (1193,'2017-01-01 19:24:21','192.168.114.17'),
 (1196,'2017-01-01 19:24:29','192.168.114.17'),
 (1199,'2017-01-01 19:24:57','192.168.114.17'),
 (1202,'2017-01-01 19:26:00','192.168.114.17'),
 (1205,'2017-01-01 19:26:01','192.168.114.17'),
 (1208,'2017-01-01 19:26:02','192.168.114.17'),
 (1211,'2017-01-01 19:26:17','192.168.114.17'),
 (1214,'2017-01-01 19:26:42','192.168.114.17'),
 (1217,'2017-01-01 19:26:45','192.168.114.17'),
 (1220,'2017-01-01 19:27:14','192.168.114.17'),
 (1223,'2017-01-01 19:27:17','192.168.114.17'),
 (1226,'2017-01-01 19:27:19','192.168.114.17'),
 (1229,'2017-01-01 19:27:30','192.168.114.17'),
 (1232,'2017-01-01 19:27:50','192.168.114.17'),
 (1235,'2017-01-01 19:27:56','192.168.114.17'),
 (1238,'2017-01-01 19:28:12','192.168.114.17'),
 (1241,'2017-01-01 19:28:19','192.168.114.17'),
 (1244,'2017-01-01 19:28:21','192.168.114.17'),
 (1247,'2017-01-01 19:28:30','192.168.114.17'),
 (1250,'2017-01-01 19:28:36','192.168.114.17'),
 (1253,'2017-01-01 19:29:02','192.168.114.17'),
 (1256,'2017-01-01 19:29:06','192.168.114.17'),
 (1259,'2017-01-01 19:29:19','192.168.114.17'),
 (1262,'2017-01-01 19:29:29','192.168.114.17'),
 (1265,'2017-01-01 19:30:36','192.168.114.17'),
 (1268,'2017-01-01 19:30:40','192.168.114.17'),
 (1271,'2017-01-01 19:30:45','192.168.114.17'),
 (1274,'2017-01-01 19:30:49','192.168.114.17'),
 (1277,'2017-01-01 19:31:14','192.168.114.17'),
 (1280,'2017-01-01 19:31:14','192.168.114.17'),
 (1283,'2017-01-01 19:31:15','192.168.114.17'),
 (1286,'2017-01-01 19:31:29','192.168.114.17'),
 (1289,'2017-01-01 19:32:01','192.168.114.17'),
 (1292,'2017-01-01 19:33:02','192.168.114.17'),
 (1295,'2017-01-01 19:33:17','192.168.114.17'),
 (1298,'2017-01-01 19:33:28','192.168.114.17'),
 (1301,'2017-01-01 19:33:47','192.168.114.17'),
 (1304,'2017-01-01 19:34:19','192.168.114.17'),
 (1307,'2017-01-01 19:35:15','192.168.114.17'),
 (1310,'2017-01-01 19:35:32','192.168.114.17'),
 (1313,'2017-01-01 19:36:01','192.168.114.17'),
 (1316,'2017-01-01 19:36:09','192.168.114.17'),
 (1319,'2017-01-01 19:36:33','192.168.114.17'),
 (1322,'2017-01-01 19:36:36','192.168.114.17'),
 (1325,'2017-01-01 19:36:40','192.168.114.17'),
 (1328,'2017-01-01 19:36:43','192.168.114.17'),
 (1331,'2017-01-01 19:36:55','192.168.114.17'),
 (1334,'2017-01-01 19:37:01','192.168.114.17'),
 (1337,'2017-01-01 19:37:04','192.168.114.17'),
 (1340,'2017-01-01 19:37:15','192.168.114.17'),
 (1343,'2017-01-01 19:37:35','192.168.114.17'),
 (1346,'2017-01-01 19:37:55','192.168.114.17'),
 (1349,'2017-01-01 19:37:56','192.168.114.17'),
 (1352,'2017-01-01 19:38:58','192.168.114.17'),
 (1355,'2017-01-01 19:39:08','192.168.114.17'),
 (1358,'2017-01-01 19:39:16','192.168.114.17'),
 (1361,'2017-01-01 19:39:36','192.168.114.17'),
 (1364,'2017-01-01 19:39:39','192.168.114.17'),
 (1367,'2017-01-01 19:40:03','192.168.114.17'),
 (1370,'2017-01-01 19:40:41','192.168.114.17'),
 (1373,'2017-01-01 19:40:42','192.168.114.17'),
 (1376,'2017-01-01 19:40:43','192.168.114.17'),
 (1379,'2017-01-01 19:40:58','192.168.114.17'),
 (1382,'2017-01-01 19:41:04','192.168.114.17'),
 (1385,'2017-01-01 19:41:23','192.168.114.17'),
 (1388,'2017-01-01 19:41:27','192.168.114.17'),
 (1391,'2017-01-01 19:42:26','192.168.114.17');
/*!40000 ALTER TABLE `ipaddress` ENABLE KEYS */;


--
-- Definition of table `ipaddress_comment`
--

DROP TABLE IF EXISTS `ipaddress_comment`;
CREATE TABLE `ipaddress_comment` (
  `id` int(11) NOT NULL,
  `StatusComment_ID` int(11) NOT NULL,
  `IpAddress_ID` int(11) NOT NULL,
  PRIMARY KEY (`id`),
  KEY `FKrn1tnqs37a6lavvwoq4fq2sl5` (`StatusComment_ID`),
  KEY `FKj23w557qjuvfjfae1wnsi2w1q` (`IpAddress_ID`)
) ENGINE=MyISAM DEFAULT CHARSET=utf8;

--
-- Dumping data for table `ipaddress_comment`
--

/*!40000 ALTER TABLE `ipaddress_comment` DISABLE KEYS */;
INSERT INTO `ipaddress_comment` (`id`,`StatusComment_ID`,`IpAddress_ID`) VALUES 
 (3,1,2),
 (6,4,5),
 (9,7,8),
 (12,10,11),
 (15,13,14),
 (18,16,17),
 (21,19,20),
 (24,22,23),
 (27,25,26),
 (30,28,29),
 (33,31,32),
 (36,34,35),
 (39,37,38),
 (42,40,41),
 (45,43,44),
 (48,46,47),
 (51,49,50),
 (54,52,53),
 (57,55,56),
 (60,58,59),
 (63,61,62),
 (66,64,65),
 (69,67,68),
 (72,70,71),
 (75,73,74),
 (78,76,77),
 (81,79,80),
 (84,82,83),
 (87,85,86),
 (90,88,89),
 (93,91,92),
 (96,94,95),
 (99,97,98),
 (102,100,101),
 (105,103,104),
 (108,106,107),
 (111,109,110),
 (114,112,113),
 (117,115,116),
 (120,118,119),
 (123,121,122),
 (126,124,125),
 (129,127,128),
 (132,130,131),
 (135,133,134),
 (138,136,137),
 (141,139,140),
 (144,142,143),
 (147,145,146),
 (150,148,149),
 (153,151,152),
 (156,154,155),
 (159,157,158),
 (162,160,161),
 (165,163,164),
 (168,166,167),
 (171,169,170),
 (174,172,173),
 (177,175,176),
 (180,178,179),
 (183,181,182),
 (186,184,185),
 (189,187,188),
 (192,190,191),
 (195,193,194),
 (198,196,197),
 (201,199,200),
 (204,202,203),
 (207,205,206),
 (210,208,209),
 (213,211,212),
 (216,214,215),
 (219,217,218),
 (222,220,221),
 (225,223,224),
 (228,226,227),
 (231,229,230),
 (234,232,233),
 (237,235,236),
 (240,238,239),
 (243,241,242),
 (246,244,245),
 (249,247,248),
 (252,250,251),
 (255,253,254),
 (258,256,257),
 (261,259,260),
 (264,262,263),
 (267,265,266),
 (270,268,269),
 (273,271,272),
 (276,274,275),
 (279,277,278),
 (282,280,281),
 (285,283,284),
 (288,286,287),
 (291,289,290),
 (294,292,293),
 (297,295,296),
 (300,298,299),
 (303,301,302),
 (306,304,305),
 (309,307,308),
 (312,310,311),
 (315,313,314),
 (318,316,317),
 (321,319,320),
 (324,322,323),
 (327,325,326),
 (330,328,329),
 (333,331,332),
 (336,334,335),
 (339,337,338),
 (342,340,341),
 (345,343,344),
 (348,346,347),
 (351,349,350),
 (354,352,353),
 (357,355,356),
 (360,358,359),
 (363,361,362),
 (366,364,365),
 (369,367,368),
 (372,370,371),
 (375,373,374),
 (378,376,377),
 (381,379,380),
 (384,382,383),
 (387,385,386),
 (390,388,389),
 (393,391,392),
 (396,394,395),
 (399,397,398),
 (402,400,401),
 (405,403,404),
 (408,406,407),
 (411,409,410),
 (414,412,413),
 (417,415,416),
 (420,418,419),
 (423,421,422),
 (426,424,425),
 (429,427,428),
 (432,430,431),
 (435,433,434),
 (438,436,437),
 (441,439,440),
 (444,442,443),
 (447,445,446),
 (450,448,449),
 (453,451,452),
 (456,454,455),
 (459,457,458),
 (462,460,461),
 (465,463,464),
 (468,466,467),
 (471,469,470),
 (474,472,473),
 (477,475,476),
 (480,478,479),
 (483,481,482),
 (486,484,485),
 (489,487,488),
 (492,490,491),
 (495,493,494),
 (498,496,497),
 (501,499,500),
 (504,502,503),
 (507,505,506),
 (510,508,509),
 (513,511,512),
 (516,514,515),
 (519,517,518),
 (522,520,521),
 (525,523,524),
 (528,526,527),
 (531,529,530),
 (534,532,533),
 (537,535,536),
 (540,538,539),
 (543,541,542),
 (546,544,545),
 (549,547,548),
 (552,550,551),
 (555,553,554),
 (558,556,557),
 (561,559,560),
 (564,562,563),
 (567,565,566),
 (570,568,569),
 (573,571,572),
 (576,574,575),
 (579,577,578),
 (582,580,581),
 (585,583,584),
 (588,586,587),
 (591,589,590),
 (594,592,593),
 (597,595,596),
 (600,598,599),
 (603,601,602),
 (606,604,605),
 (609,607,608),
 (612,610,611),
 (615,613,614),
 (618,616,617),
 (621,619,620),
 (624,622,623),
 (627,625,626),
 (630,628,629),
 (633,631,632),
 (636,634,635),
 (639,637,638),
 (642,640,641),
 (645,643,644),
 (648,646,647),
 (651,649,650),
 (654,652,653),
 (657,655,656),
 (660,658,659),
 (663,661,662),
 (666,664,665),
 (669,667,668),
 (672,670,671),
 (675,673,674),
 (678,676,677),
 (681,679,680),
 (684,682,683),
 (687,685,686),
 (690,688,689),
 (693,691,692),
 (696,694,695),
 (699,697,698),
 (702,700,701),
 (705,703,704),
 (708,706,707),
 (711,709,710),
 (714,712,713),
 (717,715,716),
 (720,718,719),
 (723,721,722),
 (726,724,725),
 (729,727,728),
 (732,730,731),
 (735,733,734),
 (738,736,737),
 (741,739,740),
 (744,742,743),
 (747,745,746),
 (750,748,749),
 (753,751,752),
 (756,754,755),
 (759,757,758),
 (762,760,761),
 (765,763,764),
 (768,766,767),
 (771,769,770),
 (774,772,773),
 (777,775,776),
 (780,778,779),
 (783,781,782),
 (786,784,785),
 (789,787,788),
 (792,790,791),
 (795,793,794),
 (798,796,797),
 (801,799,800),
 (804,802,803),
 (807,805,806),
 (810,808,809),
 (813,811,812),
 (816,814,815),
 (819,817,818),
 (822,820,821),
 (825,823,824),
 (828,826,827),
 (831,829,830),
 (834,832,833),
 (837,835,836),
 (840,838,839),
 (843,841,842),
 (846,844,845),
 (849,847,848),
 (852,850,851),
 (855,853,854),
 (858,856,857),
 (861,859,860),
 (864,862,863),
 (867,865,866),
 (870,868,869),
 (873,871,872),
 (876,874,875),
 (879,877,878),
 (882,880,881),
 (885,883,884),
 (888,886,887),
 (891,889,890),
 (894,892,893),
 (897,895,896),
 (900,898,899),
 (903,901,902),
 (906,904,905),
 (909,907,908),
 (912,910,911),
 (915,913,914),
 (918,916,917),
 (921,919,920),
 (924,922,923),
 (927,925,926),
 (930,928,929),
 (933,931,932),
 (936,934,935),
 (939,937,938),
 (942,940,941),
 (945,943,944),
 (948,946,947),
 (951,949,950),
 (954,952,953),
 (957,955,956),
 (960,958,959),
 (963,961,962),
 (966,964,965),
 (969,967,968),
 (972,970,971),
 (975,973,974),
 (978,976,977),
 (981,979,980),
 (984,982,983),
 (987,985,986),
 (990,988,989),
 (993,991,992),
 (996,994,995),
 (999,997,998),
 (1002,1000,1001),
 (1005,1003,1004),
 (1008,1006,1007),
 (1011,1009,1010),
 (1014,1012,1013),
 (1017,1015,1016),
 (1020,1018,1019),
 (1023,1021,1022),
 (1026,1024,1025),
 (1029,1027,1028),
 (1032,1030,1031),
 (1035,1033,1034),
 (1038,1036,1037),
 (1041,1039,1040),
 (1044,1042,1043),
 (1047,1045,1046),
 (1050,1048,1049),
 (1053,1051,1052),
 (1056,1054,1055),
 (1059,1057,1058),
 (1062,1060,1061),
 (1065,1063,1064),
 (1068,1066,1067),
 (1071,1069,1070),
 (1074,1072,1073),
 (1077,1075,1076),
 (1080,1078,1079),
 (1083,1081,1082),
 (1086,1084,1085),
 (1089,1087,1088),
 (1092,1090,1091),
 (1095,1093,1094),
 (1098,1096,1097),
 (1101,1099,1100),
 (1104,1102,1103),
 (1107,1105,1106),
 (1110,1108,1109),
 (1113,1111,1112),
 (1116,1114,1115),
 (1119,1117,1118),
 (1122,1120,1121),
 (1125,1123,1124),
 (1128,1126,1127),
 (1131,1129,1130),
 (1134,1132,1133),
 (1137,1135,1136),
 (1140,1138,1139),
 (1143,1141,1142),
 (1146,1144,1145),
 (1149,1147,1148),
 (1152,1150,1151),
 (1155,1153,1154),
 (1158,1156,1157),
 (1161,1159,1160),
 (1164,1162,1163),
 (1167,1165,1166),
 (1170,1168,1169),
 (1173,1171,1172),
 (1176,1174,1175),
 (1179,1177,1178),
 (1182,1180,1181),
 (1185,1183,1184),
 (1188,1186,1187),
 (1191,1189,1190),
 (1194,1192,1193),
 (1197,1195,1196),
 (1200,1198,1199),
 (1203,1201,1202),
 (1206,1204,1205),
 (1209,1207,1208),
 (1212,1210,1211),
 (1215,1213,1214),
 (1218,1216,1217),
 (1221,1219,1220),
 (1224,1222,1223),
 (1227,1225,1226),
 (1230,1228,1229),
 (1233,1231,1232),
 (1236,1234,1235),
 (1239,1237,1238),
 (1242,1240,1241),
 (1245,1243,1244),
 (1248,1246,1247),
 (1251,1249,1250),
 (1254,1252,1253),
 (1257,1255,1256),
 (1260,1258,1259),
 (1263,1261,1262),
 (1266,1264,1265),
 (1269,1267,1268),
 (1272,1270,1271),
 (1275,1273,1274),
 (1278,1276,1277),
 (1281,1279,1280),
 (1284,1282,1283),
 (1287,1285,1286),
 (1290,1288,1289),
 (1293,1291,1292),
 (1296,1294,1295),
 (1299,1297,1298),
 (1302,1300,1301),
 (1305,1303,1304),
 (1308,1306,1307),
 (1311,1309,1310),
 (1314,1312,1313),
 (1317,1315,1316),
 (1320,1318,1319),
 (1323,1321,1322),
 (1326,1324,1325),
 (1329,1327,1328),
 (1332,1330,1331),
 (1335,1333,1334),
 (1338,1336,1337),
 (1341,1339,1340),
 (1344,1342,1343),
 (1347,1345,1346),
 (1350,1348,1349),
 (1353,1351,1352),
 (1356,1354,1355),
 (1359,1357,1358),
 (1362,1360,1361),
 (1365,1363,1364),
 (1368,1366,1367),
 (1371,1369,1370),
 (1374,1372,1373),
 (1377,1375,1376),
 (1380,1378,1379),
 (1383,1381,1382),
 (1386,1384,1385),
 (1389,1387,1388),
 (1392,1390,1391);
/*!40000 ALTER TABLE `ipaddress_comment` ENABLE KEYS */;


--
-- Definition of table `status_comment`
--

DROP TABLE IF EXISTS `status_comment`;
CREATE TABLE `status_comment` (
  `id` int(11) NOT NULL,
  `code` int(11) NOT NULL,
  `comment` varchar(255) DEFAULT NULL,
  PRIMARY KEY (`id`)
) ENGINE=MyISAM DEFAULT CHARSET=utf8;

--
-- Dumping data for table `status_comment`
--

/*!40000 ALTER TABLE `status_comment` DISABLE KEYS */;
INSERT INTO `status_comment` (`id`,`code`,`comment`) VALUES 
 (1,200,'200 Successful'),
 (4,200,'200 Successful'),
 (7,200,'200 Successful'),
 (10,200,'200 Successful'),
 (13,200,'200 Successful'),
 (16,200,'200 Successful'),
 (19,200,'200 Successful'),
 (22,200,'200 Successful'),
 (25,200,'200 Successful'),
 (28,200,'200 Successful'),
 (31,200,'200 Successful'),
 (34,200,'200 Successful'),
 (37,200,'200 Successful'),
 (40,200,'200 Successful'),
 (43,200,'200 Successful'),
 (46,200,'200 Successful'),
 (49,200,'200 Successful'),
 (52,200,'200 Successful'),
 (55,200,'200 Successful'),
 (58,200,'200 Successful'),
 (61,200,'200 Successful'),
 (64,200,'200 Successful'),
 (67,200,'200 Successful'),
 (70,200,'200 Successful'),
 (73,200,'200 Successful'),
 (76,200,'200 Successful'),
 (79,200,'200 Successful'),
 (82,200,'200 Successful'),
 (85,200,'200 Successful'),
 (88,200,'200 Successful'),
 (91,200,'200 Successful'),
 (94,200,'200 Successful'),
 (97,200,'200 Successful'),
 (100,200,'200 Successful'),
 (103,200,'200 Successful'),
 (106,200,'200 Successful'),
 (109,200,'200 Successful'),
 (112,200,'200 Successful'),
 (115,200,'200 Successful'),
 (118,200,'200 Successful'),
 (121,200,'200 Successful'),
 (124,200,'200 Successful'),
 (127,200,'200 Successful'),
 (130,200,'200 Successful'),
 (133,200,'200 Successful'),
 (136,200,'200 Successful'),
 (139,200,'200 Successful'),
 (142,200,'200 Successful'),
 (145,200,'200 Successful'),
 (148,200,'200 Successful'),
 (151,200,'200 Successful'),
 (154,200,'200 Successful'),
 (157,200,'200 Successful'),
 (160,200,'200 Successful'),
 (163,200,'200 Successful'),
 (166,200,'200 Successful'),
 (169,200,'200 Successful'),
 (172,200,'200 Successful'),
 (175,200,'200 Successful'),
 (178,200,'200 Successful'),
 (181,200,'200 Successful'),
 (184,200,'200 Successful'),
 (187,200,'200 Successful'),
 (190,200,'200 Successful'),
 (193,200,'200 Successful'),
 (196,200,'200 Successful'),
 (199,200,'200 Successful'),
 (202,200,'200 Successful'),
 (205,200,'200 Successful'),
 (208,200,'200 Successful'),
 (211,200,'200 Successful'),
 (214,200,'200 Successful'),
 (217,200,'200 Successful'),
 (220,200,'200 Successful'),
 (223,200,'200 Successful'),
 (226,200,'200 Successful'),
 (229,200,'200 Successful'),
 (232,200,'200 Successful'),
 (235,200,'200 Successful'),
 (238,200,'200 Successful'),
 (241,200,'200 Successful'),
 (244,200,'200 Successful'),
 (247,200,'200 Successful'),
 (250,200,'200 Successful'),
 (253,200,'200 Successful'),
 (256,200,'200 Successful'),
 (259,200,'200 Successful'),
 (262,200,'200 Successful'),
 (265,200,'200 Successful'),
 (268,200,'200 Successful'),
 (271,200,'200 Successful'),
 (274,200,'200 Successful'),
 (277,200,'200 Successful'),
 (280,200,'200 Successful'),
 (283,200,'200 Successful'),
 (286,200,'200 Successful'),
 (289,200,'200 Successful'),
 (292,200,'200 Successful'),
 (295,200,'200 Successful'),
 (298,200,'200 Successful'),
 (301,200,'200 Successful'),
 (304,200,'200 Successful'),
 (307,200,'200 Successful'),
 (310,200,'200 Successful'),
 (313,200,'200 Successful'),
 (316,200,'200 Successful'),
 (319,200,'200 Successful'),
 (322,200,'200 Successful'),
 (325,200,'200 Successful'),
 (328,200,'200 Successful'),
 (331,200,'200 Successful'),
 (334,200,'200 Successful'),
 (337,200,'200 Successful'),
 (340,200,'200 Successful'),
 (343,200,'200 Successful'),
 (346,200,'200 Successful'),
 (349,200,'200 Successful'),
 (352,200,'200 Successful'),
 (355,200,'200 Successful'),
 (358,200,'200 Successful'),
 (361,200,'200 Successful'),
 (364,200,'200 Successful'),
 (367,200,'200 Successful'),
 (370,200,'200 Successful'),
 (373,200,'200 Successful'),
 (376,200,'200 Successful'),
 (379,200,'200 Successful'),
 (382,200,'200 Successful'),
 (385,200,'200 Successful'),
 (388,200,'200 Successful'),
 (391,200,'200 Successful'),
 (394,200,'200 Successful'),
 (397,200,'200 Successful'),
 (400,200,'200 Successful'),
 (403,200,'200 Successful'),
 (406,200,'200 Successful'),
 (409,200,'200 Successful'),
 (412,200,'200 Successful'),
 (415,200,'200 Successful'),
 (418,200,'200 Successful'),
 (421,200,'200 Successful'),
 (424,200,'200 Successful'),
 (427,200,'200 Successful'),
 (430,200,'200 Successful'),
 (433,200,'200 Successful'),
 (436,200,'200 Successful'),
 (439,200,'200 Successful'),
 (442,200,'200 Successful'),
 (445,200,'200 Successful'),
 (448,200,'200 Successful'),
 (451,200,'200 Successful'),
 (454,200,'200 Successful'),
 (457,200,'200 Successful'),
 (460,200,'200 Successful'),
 (463,200,'200 Successful'),
 (466,200,'200 Successful'),
 (469,200,'200 Successful'),
 (472,200,'200 Successful'),
 (475,200,'200 Successful'),
 (478,200,'200 Successful'),
 (481,200,'200 Successful'),
 (484,200,'200 Successful'),
 (487,200,'200 Successful'),
 (490,200,'200 Successful'),
 (493,200,'200 Successful'),
 (496,200,'200 Successful'),
 (499,200,'200 Successful'),
 (502,200,'200 Successful'),
 (505,200,'200 Successful'),
 (508,200,'200 Successful'),
 (511,200,'200 Successful'),
 (514,200,'200 Successful'),
 (517,200,'200 Successful'),
 (520,200,'200 Successful'),
 (523,200,'200 Successful'),
 (526,200,'200 Successful'),
 (529,200,'200 Successful'),
 (532,200,'200 Successful'),
 (535,200,'200 Successful'),
 (538,200,'200 Successful'),
 (541,200,'200 Successful'),
 (544,200,'200 Successful'),
 (547,200,'200 Successful'),
 (550,200,'200 Successful'),
 (553,200,'200 Successful'),
 (556,200,'200 Successful'),
 (559,200,'200 Successful'),
 (562,200,'200 Successful'),
 (565,200,'200 Successful'),
 (568,200,'200 Successful'),
 (571,200,'200 Successful'),
 (574,200,'200 Successful'),
 (577,200,'200 Successful'),
 (580,200,'200 Successful'),
 (583,200,'200 Successful'),
 (586,200,'200 Successful'),
 (589,200,'200 Successful'),
 (592,200,'200 Successful'),
 (595,200,'200 Successful'),
 (598,200,'200 Successful'),
 (601,200,'200 Successful'),
 (604,200,'200 Successful'),
 (607,200,'200 Successful'),
 (610,200,'200 Successful'),
 (613,200,'200 Successful'),
 (616,200,'200 Successful'),
 (619,200,'200 Successful'),
 (622,200,'200 Successful'),
 (625,200,'200 Successful'),
 (628,200,'200 Successful'),
 (631,200,'200 Successful'),
 (634,200,'200 Successful'),
 (637,200,'200 Successful'),
 (640,200,'200 Successful'),
 (643,200,'200 Successful'),
 (646,200,'200 Successful'),
 (649,200,'200 Successful'),
 (652,200,'200 Successful'),
 (655,200,'200 Successful'),
 (658,200,'200 Successful'),
 (661,200,'200 Successful'),
 (664,200,'200 Successful'),
 (667,200,'200 Successful'),
 (670,200,'200 Successful'),
 (673,200,'200 Successful'),
 (676,200,'200 Successful'),
 (679,200,'200 Successful'),
 (682,200,'200 Successful'),
 (685,200,'200 Successful'),
 (688,200,'200 Successful'),
 (691,200,'200 Successful'),
 (694,200,'200 Successful'),
 (697,200,'200 Successful'),
 (700,200,'200 Successful'),
 (703,200,'200 Successful'),
 (706,200,'200 Successful'),
 (709,200,'200 Successful'),
 (712,200,'200 Successful'),
 (715,200,'200 Successful'),
 (718,200,'200 Successful'),
 (721,200,'200 Successful'),
 (724,200,'200 Successful'),
 (727,200,'200 Successful'),
 (730,200,'200 Successful'),
 (733,200,'200 Successful'),
 (736,200,'200 Successful'),
 (739,200,'200 Successful'),
 (742,200,'200 Successful'),
 (745,200,'200 Successful'),
 (748,200,'200 Successful'),
 (751,200,'200 Successful'),
 (754,200,'200 Successful'),
 (757,200,'200 Successful'),
 (760,200,'200 Successful'),
 (763,200,'200 Successful'),
 (766,200,'200 Successful'),
 (769,200,'200 Successful'),
 (772,200,'200 Successful'),
 (775,200,'200 Successful'),
 (778,200,'200 Successful'),
 (781,200,'200 Successful'),
 (784,200,'200 Successful'),
 (787,200,'200 Successful'),
 (790,200,'200 Successful'),
 (793,200,'200 Successful'),
 (796,200,'200 Successful'),
 (799,200,'200 Successful'),
 (802,200,'200 Successful'),
 (805,200,'200 Successful'),
 (808,200,'200 Successful'),
 (811,200,'200 Successful'),
 (814,200,'200 Successful'),
 (817,200,'200 Successful'),
 (820,200,'200 Successful'),
 (823,200,'200 Successful'),
 (826,200,'200 Successful'),
 (829,200,'200 Successful'),
 (832,200,'200 Successful'),
 (835,200,'200 Successful'),
 (838,200,'200 Successful'),
 (841,200,'200 Successful'),
 (844,200,'200 Successful'),
 (847,200,'200 Successful'),
 (850,200,'200 Successful'),
 (853,200,'200 Successful'),
 (856,200,'200 Successful'),
 (859,200,'200 Successful'),
 (862,200,'200 Successful'),
 (865,200,'200 Successful'),
 (868,200,'200 Successful'),
 (871,200,'200 Successful'),
 (874,200,'200 Successful'),
 (877,200,'200 Successful'),
 (880,200,'200 Successful'),
 (883,200,'200 Successful'),
 (886,200,'200 Successful'),
 (889,200,'200 Successful'),
 (892,200,'200 Successful'),
 (895,200,'200 Successful'),
 (898,200,'200 Successful'),
 (901,200,'200 Successful'),
 (904,200,'200 Successful'),
 (907,200,'200 Successful'),
 (910,200,'200 Successful'),
 (913,200,'200 Successful'),
 (916,200,'200 Successful'),
 (919,200,'200 Successful'),
 (922,200,'200 Successful'),
 (925,200,'200 Successful'),
 (928,200,'200 Successful'),
 (931,200,'200 Successful'),
 (934,200,'200 Successful'),
 (937,200,'200 Successful'),
 (940,200,'200 Successful'),
 (943,200,'200 Successful'),
 (946,200,'200 Successful'),
 (949,200,'200 Successful'),
 (952,200,'200 Successful'),
 (955,200,'200 Successful'),
 (958,200,'200 Successful'),
 (961,200,'200 Successful'),
 (964,200,'200 Successful'),
 (967,200,'200 Successful'),
 (970,200,'200 Successful'),
 (973,200,'200 Successful'),
 (976,200,'200 Successful'),
 (979,200,'200 Successful'),
 (982,200,'200 Successful'),
 (985,200,'200 Successful'),
 (988,200,'200 Successful'),
 (991,200,'200 Successful'),
 (994,200,'200 Successful'),
 (997,200,'200 Successful'),
 (1000,200,'200 Successful'),
 (1003,200,'200 Successful'),
 (1006,200,'200 Successful'),
 (1009,200,'200 Successful'),
 (1012,200,'200 Successful'),
 (1015,200,'200 Successful'),
 (1018,200,'200 Successful'),
 (1021,200,'200 Successful'),
 (1024,200,'200 Successful'),
 (1027,200,'200 Successful'),
 (1030,200,'200 Successful'),
 (1033,200,'200 Successful'),
 (1036,200,'200 Successful'),
 (1039,200,'200 Successful'),
 (1042,200,'200 Successful'),
 (1045,200,'200 Successful'),
 (1048,200,'200 Successful'),
 (1051,200,'200 Successful'),
 (1054,200,'200 Successful'),
 (1057,200,'200 Successful'),
 (1060,200,'200 Successful'),
 (1063,200,'200 Successful'),
 (1066,200,'200 Successful'),
 (1069,200,'200 Successful'),
 (1072,200,'200 Successful'),
 (1075,200,'200 Successful'),
 (1078,200,'200 Successful'),
 (1081,200,'200 Successful'),
 (1084,200,'200 Successful'),
 (1087,200,'200 Successful'),
 (1090,200,'200 Successful'),
 (1093,200,'200 Successful'),
 (1096,200,'200 Successful'),
 (1099,200,'200 Successful'),
 (1102,200,'200 Successful'),
 (1105,200,'200 Successful'),
 (1108,200,'200 Successful'),
 (1111,200,'200 Successful'),
 (1114,200,'200 Successful'),
 (1117,200,'200 Successful'),
 (1120,200,'200 Successful'),
 (1123,200,'200 Successful'),
 (1126,200,'200 Successful'),
 (1129,200,'200 Successful'),
 (1132,200,'200 Successful'),
 (1135,200,'200 Successful'),
 (1138,200,'200 Successful'),
 (1141,200,'200 Successful'),
 (1144,200,'200 Successful'),
 (1147,200,'200 Successful'),
 (1150,200,'200 Successful'),
 (1153,200,'200 Successful'),
 (1156,200,'200 Successful'),
 (1159,200,'200 Successful'),
 (1162,200,'200 Successful'),
 (1165,200,'200 Successful'),
 (1168,200,'200 Successful'),
 (1171,200,'200 Successful'),
 (1174,200,'200 Successful'),
 (1177,200,'200 Successful'),
 (1180,200,'200 Successful'),
 (1183,200,'200 Successful'),
 (1186,200,'200 Successful'),
 (1189,200,'200 Successful'),
 (1192,200,'200 Successful'),
 (1195,200,'200 Successful'),
 (1198,200,'200 Successful'),
 (1201,200,'200 Successful'),
 (1204,200,'200 Successful'),
 (1207,200,'200 Successful'),
 (1210,200,'200 Successful'),
 (1213,200,'200 Successful'),
 (1216,200,'200 Successful'),
 (1219,200,'200 Successful'),
 (1222,200,'200 Successful'),
 (1225,200,'200 Successful'),
 (1228,200,'200 Successful'),
 (1231,200,'200 Successful'),
 (1234,200,'200 Successful'),
 (1237,200,'200 Successful'),
 (1240,200,'200 Successful'),
 (1243,200,'200 Successful'),
 (1246,200,'200 Successful'),
 (1249,200,'200 Successful'),
 (1252,200,'200 Successful'),
 (1255,200,'200 Successful'),
 (1258,200,'200 Successful'),
 (1261,200,'200 Successful'),
 (1264,200,'200 Successful'),
 (1267,200,'200 Successful'),
 (1270,200,'200 Successful'),
 (1273,200,'200 Successful'),
 (1276,200,'200 Successful'),
 (1279,200,'200 Successful'),
 (1282,200,'200 Successful'),
 (1285,200,'200 Successful'),
 (1288,200,'200 Successful'),
 (1291,200,'200 Successful'),
 (1294,200,'200 Successful'),
 (1297,200,'200 Successful'),
 (1300,200,'200 Successful'),
 (1303,200,'200 Successful'),
 (1306,200,'200 Successful'),
 (1309,200,'200 Successful'),
 (1312,200,'200 Successful'),
 (1315,200,'200 Successful'),
 (1318,200,'200 Successful'),
 (1321,200,'200 Successful'),
 (1324,200,'200 Successful'),
 (1327,200,'200 Successful'),
 (1330,200,'200 Successful'),
 (1333,200,'200 Successful'),
 (1336,200,'200 Successful'),
 (1339,200,'200 Successful'),
 (1342,200,'200 Successful'),
 (1345,200,'200 Successful'),
 (1348,200,'200 Successful'),
 (1351,200,'200 Successful'),
 (1354,200,'200 Successful'),
 (1357,200,'200 Successful'),
 (1360,200,'200 Successful'),
 (1363,200,'200 Successful'),
 (1366,200,'200 Successful'),
 (1369,200,'200 Successful'),
 (1372,200,'200 Successful'),
 (1375,200,'200 Successful'),
 (1378,200,'200 Successful'),
 (1381,200,'200 Successful'),
 (1384,200,'200 Successful'),
 (1387,200,'200 Successful'),
 (1390,200,'200 Successful');
/*!40000 ALTER TABLE `status_comment` ENABLE KEYS */;




/*!40101 SET SQL_MODE=@OLD_SQL_MODE */;
/*!40014 SET FOREIGN_KEY_CHECKS=@OLD_FOREIGN_KEY_CHECKS */;
/*!40014 SET UNIQUE_CHECKS=@OLD_UNIQUE_CHECKS */;
/*!40101 SET CHARACTER_SET_CLIENT=@OLD_CHARACTER_SET_CLIENT */;
/*!40101 SET CHARACTER_SET_RESULTS=@OLD_CHARACTER_SET_RESULTS */;
/*!40101 SET COLLATION_CONNECTION=@OLD_COLLATION_CONNECTION */;
/*!40101 SET CHARACTER_SET_CLIENT=@OLD_CHARACTER_SET_CLIENT */;
